{
    "key": "group_5d5cab08e0a26",
    "title": "Blog Detail",
    "fields": [
        {
            "key": "field_5d5cab12b341b",
            "label": "Sections",
            "name": "sections",
            "type": "flexible_content",
            "instructions": "",
            "required": 0,
            "conditional_logic": 0,
            "wrapper": {
                "width": "",
                "class": "",
                "id": ""
            },
            "layouts": {
                "layout_5d5cab1a64677": {
                    "key": "layout_5d5cab1a64677",
                    "name": "banner_top",
                    "label": "Banner top",
                    "display": "block",
                    "sub_fields": [
                        {
                            "key": "field_5d5cab28b341c",
                            "label": "Title",
                            "name": "title",
                            "type": "textarea",
                            "instructions": "",
                            "required": 0,
                            "conditional_logic": 0,
                            "wrapper": {
                                "width": "",
                                "class": "",
                                "id": ""
                            },
                            "default_value": "",
                            "placeholder": "",
                            "maxlength": "",
                            "rows": 3,
                            "new_lines": "br"
                        },
                        {
                            "key": "field_5d5cab44b341d",
                            "label": "Thumb image",
                            "name": "thumb_image",
                            "type": "image",
                            "instructions": "",
                            "required": 0,
                            "conditional_logic": 0,
                            "wrapper": {
                                "width": "",
                                "class": "",
                                "id": ""
                            },
                            "return_format": "array",
                            "preview_size": "medium",
                            "library": "all",
                            "min_width": "",
                            "min_height": "",
                            "min_size": "",
                            "max_width": "",
                            "max_height": "",
                            "max_size": "",
                            "mime_types": ""
                        }
                    ],
                    "min": "",
                    "max": ""
                },
                "layout_5d5caba7b341f": {
                    "key": "layout_5d5caba7b341f",
                    "name": "content",
                    "label": "Content",
                    "display": "table",
                    "sub_fields": [
                        {
                            "key": "field_5d5cabadb3420",
                            "label": "Title",
                            "name": "title",
                            "type": "text",
                            "instructions": "",
                            "required": 0,
                            "conditional_logic": 0,
                            "wrapper": {
                                "width": "",
                                "class": "",
                                "id": ""
                            },
                            "default_value": "",
                            "placeholder": "",
                            "prepend": "",
                            "append": "",
                            "maxlength": ""
                        },
                        {
                            "key": "field_5d5cb055ad90d",
                            "label": "",
                            "name": "body",
                            "type": "group",
                            "instructions": "",
                            "required": 0,
                            "conditional_logic": 0,
                            "wrapper": {
                                "width": "",
                                "class": "",
                                "id": ""
                            },
                            "layout": "block",
                            "sub_fields": [
                                {
                                    "key": "field_5d5cb06fad90e",
                                    "label": "Position",
                                    "name": "position",
                                    "type": "select",
                                    "instructions": "",
                                    "required": 0,
                                    "conditional_logic": 0,
                                    "wrapper": {
                                        "width": "",
                                        "class": "",
                                        "id": ""
                                    },
                                    "choices": {
                                        "right": "Right",
                                        "left": "Left"
                                    },
                                    "default_value": [],
                                    "allow_null": 0,
                                    "multiple": 0,
                                    "ui": 0,
                                    "return_format": "value",
                                    "ajax": 0,
                                    "placeholder": ""
                                },
                                {
                                    "key": "field_5d5cabc2b3421",
                                    "label": "Description",
                                    "name": "description",
                                    "type": "wysiwyg",
                                    "instructions": "",
                                    "required": 0,
                                    "conditional_logic": 0,
                                    "wrapper": {
                                        "width": "",
                                        "class": "",
                                        "id": ""
                                    },
                                    "default_value": "",
                                    "tabs": "all",
                                    "toolbar": "full",
                                    "media_upload": 0,
                                    "delay": 0
                                }
                            ]
                        }
                    ],
                    "min": "",
                    "max": ""
                },
                "layout_5d5cac54b3423": {
                    "key": "layout_5d5cac54b3423",
                    "name": "image",
                    "label": "Image",
                    "display": "block",
                    "sub_fields": [
                        {
                            "key": "field_5d5cac58b3424",
                            "label": "Select",
                            "name": "select",
                            "type": "select",
                            "instructions": "",
                            "required": 0,
                            "conditional_logic": 0,
                            "wrapper": {
                                "width": "",
                                "class": "",
                                "id": ""
                            },
                            "choices": {
                                "image": "Image",
                                "Gallery": "Gallery"
                            },
                            "default_value": [],
                            "allow_null": 0,
                            "multiple": 0,
                            "ui": 0,
                            "return_format": "value",
                            "ajax": 0,
                            "placeholder": ""
                        },
                        {
                            "key": "field_5d5cac75b3425",
                            "label": "Single Image",
                            "name": "single_image",
                            "type": "group",
                            "instructions": "",
                            "required": 0,
                            "conditional_logic": [
                                [
                                    {
                                        "field": "field_5d5cac58b3424",
                                        "operator": "==",
                                        "value": "image"
                                    }
                                ]
                            ],
                            "wrapper": {
                                "width": "",
                                "class": "",
                                "id": ""
                            },
                            "layout": "block",
                            "sub_fields": [
                                {
                                    "key": "field_5d5cb1fd5e3e7",
                                    "label": "Width",
                                    "name": "width",
                                    "type": "select",
                                    "instructions": "Width 12\/12 (100%).\r\nChoose from 1 to 12",
                                    "required": 0,
                                    "conditional_logic": 0,
                                    "wrapper": {
                                        "width": "",
                                        "class": "",
                                        "id": ""
                                    },
                                    "choices": {
                                        "12": "12\/12",
                                        "1": "1\/12",
                                        "2": "2\/12",
                                        "3": "3\/12",
                                        "4": "4\/12",
                                        "5": "5\/12",
                                        "6": "6\/12",
                                        "7": "7\/12",
                                        "8": "8\/12",
                                        "9": "9\/12",
                                        "10": "10\/12",
                                        "11": "11\/12"
                                    },
                                    "default_value": [],
                                    "allow_null": 0,
                                    "multiple": 0,
                                    "ui": 0,
                                    "return_format": "value",
                                    "ajax": 0,
                                    "placeholder": ""
                                },
                                {
                                    "key": "field_5d5cb1f45e3e6",
                                    "label": "Image",
                                    "name": "image",
                                    "type": "image",
                                    "instructions": "",
                                    "required": 0,
                                    "conditional_logic": 0,
                                    "wrapper": {
                                        "width": "",
                                        "class": "",
                                        "id": ""
                                    },
                                    "return_format": "array",
                                    "preview_size": "medium",
                                    "library": "all",
                                    "min_width": "",
                                    "min_height": "",
                                    "min_size": "",
                                    "max_width": "",
                                    "max_height": "",
                                    "max_size": "",
                                    "mime_types": ""
                                }
                            ]
                        },
                        {
                            "key": "field_5d5cac8db3426",
                            "label": "Gallery",
                            "name": "gallery",
                            "type": "gallery",
                            "instructions": "",
                            "required": 0,
                            "conditional_logic": [
                                [
                                    {
                                        "field": "field_5d5cac58b3424",
                                        "operator": "==",
                                        "value": "Gallery"
                                    }
                                ]
                            ],
                            "wrapper": {
                                "width": "",
                                "class": "",
                                "id": ""
                            },
                            "return_format": "array",
                            "preview_size": "medium",
                            "insert": "append",
                            "library": "all",
                            "min": 2,
                            "max": 2,
                            "min_width": "",
                            "min_height": "",
                            "min_size": "",
                            "max_width": "",
                            "max_height": "",
                            "max_size": "",
                            "mime_types": ""
                        }
                    ],
                    "min": "",
                    "max": ""
                },
                "layout_5d5cad0bb3427": {
                    "key": "layout_5d5cad0bb3427",
                    "name": "contact",
                    "label": "Contact",
                    "display": "block",
                    "sub_fields": [
                        {
                            "key": "field_5d5cad16b3428",
                            "label": "Description",
                            "name": "description",
                            "type": "textarea",
                            "instructions": "",
                            "required": 0,
                            "conditional_logic": 0,
                            "wrapper": {
                                "width": "",
                                "class": "",
                                "id": ""
                            },
                            "default_value": "",
                            "placeholder": "",
                            "maxlength": "",
                            "rows": 3,
                            "new_lines": "br"
                        },
                        {
                            "key": "field_5d5cebedb3250",
                            "label": "Cta",
                            "name": "cta",
                            "type": "link",
                            "instructions": "",
                            "required": 0,
                            "conditional_logic": 0,
                            "wrapper": {
                                "width": "",
                                "class": "",
                                "id": ""
                            },
                            "return_format": "array"
                        }
                    ],
                    "min": "",
                    "max": ""
                }
            },
            "button_label": "Add Row",
            "min": "",
            "max": ""
        }
    ],
    "location": [
        [
            {
                "param": "post_type",
                "operator": "==",
                "value": "post"
            }
        ]
    ],
    "menu_order": 0,
    "position": "normal",
    "style": "default",
    "label_placement": "top",
    "instruction_placement": "label",
    "hide_on_screen": "",
    "active": 1,
    "description": "",
    "modified": 1566370810
}